NmId,DateUtc,SaleQty,SaleAmount,OrderQty,OrderAmount,DelToCliPrice,CurrentRetailPrice,TotalStock,Rating,Feedbacks,SubjectName,CategoryName
9611772,2022-09-21,33.0,14901.74,6.812651671957994,17841.29,73.64970837466443,561.0,601.0,4.0,823.0,Водолазки,Одежда
9611772,2022-09-22,45.0,20299.29,-6.5901627648239085,18596.43,73.64970837466443,578.0,598.0,4.0,826.0,Водолазки,Одежда
9611772,2022-09-23,31.0,13621.61,-6.676280039152434,15223.9,73.64970837466444,560.0,588.0,4.0,829.0,Водолазки,Одежда
9611772,2022-09-24,48.0,21583.99,-6.531757098771671,21631.47,73.64970837466444,560.0,579.0,4.0,834.0,Водолазки,Одежда
9611772,2022-09-25,25.0,11398.92,11.902136304242063,20492.39,73.64970837466444,560.0,574.0,4.0,836.0,Водолазки,Одежда
9611772,2022-09-26,28.0,13194.78,-3.6909869490367626,18253.32,96.0,718.0,572.0,4.0,840.0,Водолазки,Одежда
9611772,2022-09-27,31.0,14774.06,8.275153044669445,27973.25,75.98947021117495,525.0,572.0,4.0,840.0,Водолазки,Одежда
9611772,2022-09-28,29.0,13801.96,-2.998297830239693,23235.32,75.32325181647312,700.0,562.0,4.0,842.0,Водолазки,Одежда
9611772,2022-09-29,29.0,13887.15,13.08111694789254,35006.63,75.32325181647312,525.0,558.0,4.0,843.0,Водолазки,Одежда
9611772,2022-09-30,42.0,19878.21,11.938109936762999,31190.49,75.32325181647312,664.0,539.0,4.0,849.0,Водолазки,Одежда
9611772,2022-10-01,26.0,12189.23,15.603714718362959,35006.94,75.32325181647312,524.0,523.0,4.0,853.0,Водолазки,Одежда
9611772,2022-10-02,30.0,13942.17,-10.716483054716832,19777.17,75.86052411352347,786.0,516.0,4.0,854.0,Водолазки,Одежда
9611772,2022-10-03,28.0,12882.99,8.807563209395951,29545.65,89.0227905316283,751.0,515.0,4.0,855.0,Водолазки,Одежда
9611772,2022-10-04,41.0,18366.25,-7.817604595820832,15462.21,89.0227905316283,644.0,354.0,4.0,856.0,Водолазки,Одежда
9611772,2022-10-05,40.0,18054.15,-4.909541417307793,19507.22,89.0227905316283,644.0,345.0,4.0,860.0,Водолазки,Одежда
9611772,2022-10-06,45.0,21016.44,0.655977494905315,25958.06,101.98399713632304,731.0,476.0,4.0,865.0,Водолазки,Одежда
9611772,2022-10-07,56.0,26038.53,-1.469896908440326,21856.17,101.98399713632304,729.0,471.0,4.0,869.0,Водолазки,Одежда
9611772,2022-10-08,41.0,20114.32,-7.310046485950661,19531.3,101.98399713632304,935.0,459.0,4.0,872.0,Водолазки,Одежда
9611772,2022-10-09,43.0,22831.31,-7.190623936143158,16395.41,101.98399713632304,1051.0,453.0,4.0,875.0,Водолазки,Одежда
9611772,2022-10-10,33.0,16861.29,0.8177544330835502,22063.4,102.86701397873848,1051.0,449.0,4.0,880.0,Водолазки,Одежда
9611772,2022-10-11,31.0,18288.64,1.3274730181350307,21506.1,102.86701397873848,762.0,434.0,4.0,882.0,Водолазки,Одежда
9611772,2022-10-12,31.0,18193.95,5.020050966193175,22689.16,102.86701397873848,762.0,422.0,4.0,887.0,Водолазки,Одежда
9611772,2022-10-13,18.0,10244.57,-2.2855820116213614,18824.7,106.09710366262031,767.0,425.0,4.0,889.0,Водолазки,Одежда
9611772,2022-10-14,21.0,12529.17,7.593931260510317,25088.66,106.09710366262031,767.0,424.0,4.0,890.0,Водолазки,Одежда
9611772,2022-10-15,29.0,16799.420000000002,5.633978447511009,24362.77,106.09710366262031,767.0,415.0,4.0,891.0,Водолазки,Одежда
9611772,2022-10-16,17.0,10830.47,9.346825093811386,21271.42,110.29584010543893,762.0,416.0,4.0,893.0,Водолазки,Одежда
9611772,2022-10-17,23.0,14065.74,-6.215492306420572,13311.23,110.42284084553532,1065.0,414.0,4.0,898.0,Водолазки,Одежда
9611772,2022-10-18,25.0,15564.91,-5.551109540469861,11363.17,110.32119234028332,1065.0,415.0,4.0,900.0,Водолазки,Одежда
9611772,2022-10-19,27.0,16150.2,-1.7915789476226642,13111.35,110.32119234028332,1065.0,415.0,4.0,903.0,Водолазки,Одежда
9611772,2022-10-20,21.0,13299.89,-3.889024575406795,7066.22,110.32119234028332,1095.0,417.0,4.0,904.0,Водолазки,Одежда
9611772,2022-10-21,11.0,8180.62,-7.794459100853951,5391.54,110.1312067252942,1095.0,418.0,4.0,907.0,Водолазки,Одежда
9611772,2022-10-22,10.0,7213.85,-6.814488944397935,1727.96,110.1312067252942,1096.0,421.0,4.0,908.0,Водолазки,Одежда
9611772,2022-10-23,8.0,5809.4400000000005,5.36517400221479,19297.03,110.32119234028332,1095.0,421.0,4.0,911.0,Водолазки,Одежда
9611772,2022-10-24,12.0,7785.69,5.675132134686418,18414.85,114.70715221205208,1073.0,420.0,4.0,912.0,Водолазки,Одежда
9611772,2022-10-25,5.0,3257.02,3.0106138292459335,14077.92,114.70715221205208,1073.0,417.0,4.0,915.0,Водолазки,Одежда
9611772,2022-10-26,9.0,7038.8,-0.6436665067901224,11171.98,114.70715221205208,1143.0,416.0,4.0,916.0,Водолазки,Одежда
9611772,2022-10-27,11.0,9646.63,-3.123514826889142,6160.77,114.14344849260998,1143.0,416.0,4.0,918.0,Водолазки,Одежда
9611772,2022-10-28,4.0,3466.07,-2.354760427676082,8303.45,114.13033910378576,1150.0,416.0,4.0,919.0,Водолазки,Одежда
9611772,2022-10-29,13.0,11219.55,3.486432139579403,15866.15,113.9992452155434,1080.0,524.0,4.0,921.0,Водолазки,Одежда
9611772,2022-10-30,4.0,3412.07,-4.841343979810414,9581.97,114.14344849260998,1081.0,526.0,4.0,922.0,Водолазки,Одежда
9611772,2022-10-31,10.0,8373.11,-1.1459649697379763,12724.22,114.18511954975904,1027.0,525.0,4.0,922.0,Водолазки,Одежда
9611772,2022-11-01,10.0,8280.16,1.8274452057494663,13520.45,116.46751616787584,1031.0,528.0,4.0,922.0,Водолазки,Одежда
9611772,2022-11-02,9.0,6622.31,-4.367448447734914,11113.62,116.24079593715857,1030.0,528.0,4.0,922.0,Водолазки,Одежда
9611772,2022-11-03,3.0,2435.95,3.3261477703186735,11897.67,116.454179683716,1031.0,528.0,4.0,923.0,Водолазки,Одежда
9611772,2022-11-04,7.0,5497.61,1.076602631082988,13299.48,116.6942363985931,907.0,529.0,4.0,924.0,Водолазки,Одежда
9611772,2022-11-05,6.0,4634.06,-1.803766517024929,13408.36,116.30747835795776,907.0,528.0,4.0,926.0,Водолазки,Одежда
9611772,2022-11-06,10.0,7378.07,2.1376858225959623,16202.52,116.6942363985931,907.0,372.0,4.0,929.0,Водолазки,Одежда
9611772,2022-11-07,10.0,7078.27,-1.456270345922043,14205.03,117.49001415541863,908.0,465.0,4.0,930.0,Водолазки,Одежда
9611772,2022-11-08,4.0,2975.73,-4.304168638315154,13284.04,117.20803812144564,908.0,467.0,4.0,930.0,Водолазки,Одежда
9611772,2022-11-09,7.0,4917.62,-0.20439043397926326,20609.76,116.9797718082294,908.0,465.0,4.0,932.0,Водолазки,Одежда
9611772,2022-11-10,10.0,7059.73,1.6586732019478454,17909.6,107.01661860784988,885.0,468.0,4.0,933.0,Водолазки,Одежда
9611772,2022-11-11,12.0,8567.24,-0.586138370462777,21158.64,107.4194415135256,885.0,466.0,4.0,935.0,Водолазки,Одежда
9611772,2022-11-12,15.0,10580.32,-3.7566038018404875,20636.32,107.4194415135256,885.0,466.0,4.0,936.0,Водолазки,Одежда
9611772,2022-11-13,14.0,9809.44,-6.781121901297585,19098.6,107.4194415135256,885.0,466.0,4.0,937.0,Водолазки,Одежда
9611772,2022-11-14,13.0,8973.69,14.420294481243474,28840.29,107.57604044382344,885.0,470.0,4.0,938.0,Водолазки,Одежда
9611772,2022-11-15,18.0,12382.58,3.544099372174216,25997.69,107.29961931973658,885.0,472.0,4.0,942.0,Водолазки,Одежда
9611772,2022-11-16,16.0,11185.92,10.817381538241222,35859.54,107.40702634608266,895.0,375.0,4.0,945.0,Водолазки,Одежда
9611772,2022-11-17,22.0,15069.589999999998,-7.3027280164851405,18068.89,107.40702634608266,895.0,365.0,4.0,946.0,Водолазки,Одежда
9611772,2022-11-18,13.0,8973.75,4.55509343567811,27098.99,107.40702634608266,934.0,361.0,4.0,947.0,Водолазки,Одежда
9611772,2022-11-19,29.0,19911.55,3.1661437182984358,26749.31,107.2593416848568,836.0,346.0,4.0,948.0,Водолазки,Одежда
9611772,2022-11-20,20.0,13704.009999999998,-1.5067274407413258,24147.620000000003,107.40702634608266,836.0,335.0,4.0,950.0,Водолазки,Одежда
9611772,2022-11-21,0.0,0.0,-24.08488631846543,0.0,108.52318125679491,839.0,325.0,4.0,951.0,Водолазки,Одежда
9611772,2022-11-22,20.0,13275.18,3.24239734725667,20808.3,108.78770116761618,839.0,185.0,4.0,951.0,Водолазки,Одежда
9611772,2022-11-23,19.0,12534.65,-0.06460741361399158,23438.21,115.5869324905922,849.0,179.0,4.0,954.0,Водолазки,Одежда
9611772,2022-11-24,20.0,13141.11,9.201228434030838,27034.9,115.5869324905922,849.0,170.0,4.0,957.0,Водолазки,Одежда
9611772,2022-11-25,17.0,10939.32,0.9674281626430457,24835.68,115.5869324905922,849.0,407.0,4.0,960.0,Водолазки,Одежда
9611772,2022-11-26,31.0,20255.57,-6.588182023945976,26020.54,115.28776631238124,849.0,388.0,4.0,962.0,Водолазки,Одежда
9611772,2022-11-27,20.0,13050.35,1.2104085396132689,34430.25,115.39655401354888,849.0,374.0,4.0,966.0,Водолазки,Одежда
9611772,2022-11-28,5.0,3240.88,9.920467966860059,26638.22,118.71283454040152,854.0,351.0,4.0,970.0,Водолазки,Одежда
9611772,2022-11-29,17.0,11199.42,-1.0897408657579035,22437.250000000004,118.71283454040152,854.0,342.0,4.0,972.0,Водолазки,Одежда
9611772,2022-11-30,24.0,15847.44,-8.115381900075356,21736.28,118.71283454040152,854.0,324.0,4.0,973.0,Водолазки,Одежда
9611772,2022-12-01,17.0,11210.35,-0.5395501085258942,24586.83,118.71283454040152,854.0,338.0,4.0,974.0,Водолазки,Одежда
9611772,2022-12-02,18.0,11827.55,2.0522405569447812,24756.11,118.71283454040152,854.0,293.0,4.0,975.0,Водолазки,Одежда
9611772,2022-12-03,22.0,14488.76,19.01371197459074,38926.310000000005,118.71283454040152,854.0,283.0,4.0,980.0,Водолазки,Одежда
9611772,2022-12-04,21.0,13719.7,9.205576939177782,37994.92,120.18868647049383,857.0,266.0,4.0,984.0,Водолазки,Одежда
9611772,2022-12-05,26.0,16917.06,-3.6097146361928516,17351.06,175.28968467748308,928.0,253.0,4.0,989.0,Водолазки,Одежда
9611772,2022-12-06,26.0,15899.28,-9.658369421428421,9679.08,174.68486132849245,1024.0,236.0,4.0,993.0,Водолазки,Одежда
9611772,2022-12-07,26.0,16191.76,-4.599363679939039,19650.71,189.042521163711,1201.0,229.0,4.0,996.0,Водолазки,Одежда
9611772,2022-12-08,22.0,13443.11,-5.507182568019555,17551.32,189.042521163711,1550.0,230.0,4.0,1000.0,Водолазки,Одежда
9611772,2022-12-09,22.0,14768.49,-6.066680221189479,8621.01,179.03438769033806,1550.0,230.0,4.0,1003.0,Водолазки,Одежда
9611772,2022-12-10,20.0,14895.85,-10.151699844333908,15088.29,177.78893108031832,933.0,231.0,4.0,1007.0,Водолазки,Одежда
9611772,2022-12-11,26.0,17373.920000000002,-1.8674193100926182,31896.94,179.7245995360149,934.0,221.0,4.0,1010.0,Водолазки,Одежда
9611772,2022-12-12,14.0,10417.19,1.7611229362251493,24017.67,194.6700762883272,956.0,218.0,4.0,1014.0,Водолазки,Одежда
9611772,2022-12-13,13.0,9057.69,6.565286532978199,25036.02,194.6700762883272,1006.0,217.0,4.0,1018.0,Водолазки,Одежда
9611772,2022-12-14,30.0,21356.63,11.416270521377584,38343.68,193.09820610711708,1030.0,247.0,4.0,1021.0,Водолазки,Одежда
9611772,2022-12-15,23.0,17238.57,4.003498517187268,26394.26,194.23478916122284,1032.0,243.0,4.0,1024.0,Водолазки,Одежда
9611772,2022-12-16,18.0,13512.79,-2.2917184309241136,20022.95,194.6700762883272,1033.0,203.0,4.0,1024.0,Водолазки,Одежда
9611772,2022-12-17,19.0,14122.78,-1.714807259276597,26252.49,194.6700762883272,1033.0,196.0,4.0,1025.0,Водолазки,Одежда
9611772,2022-12-18,20.0,15417.77,-0.8006910911324354,37907.86,203.95027752649585,1048.0,192.0,4.0,1026.0,Водолазки,Одежда
9611772,2022-12-19,20.0,15650.69,2.241127992867497,28536.42,203.95027752649585,1048.0,188.0,4.0,1028.0,Водолазки,Одежда
9611772,2022-12-20,17.0,13793.73,-2.937352814547534,21021.56,148.72420832774978,975.0,182.0,4.0,1030.0,Водолазки,Одежда
9611772,2022-12-21,36.0,28114.33,-4.763942677636091,24024.64,148.72420832774978,975.0,175.0,4.0,1032.0,Водолазки,Одежда
9611772,2022-12-22,27.0,20766.49,-1.6963865459822678,20270.79,148.72420832774978,975.0,175.0,4.0,1035.0,Водолазки,Одежда
9611772,2022-12-23,18.0,13757.36,3.176377005838127,22697.42,148.72420832774978,975.0,204.0,4.0,1036.0,Водолазки,Одежда
9611772,2022-12-24,20.0,15287.68,4.033050861356685,24764.11,148.3916573029175,975.0,198.0,4.0,1037.0,Водолазки,Одежда
9611772,2022-12-25,16.0,12017.02,4.309558254529577,34090.59,152.52919586913453,982.0,199.0,4.0,1038.0,Водолазки,Одежда
9611772,2022-12-26,21.0,16275.22,3.487890104440236,26221.9,153.90621078095077,985.0,193.0,4.0,1042.0,Водолазки,Одежда
9611772,2022-12-27,23.0,17302.06,6.803231289477157,24342.57,128.63335238035776,952.0,192.0,4.0,1043.0,Водолазки,Одежда
9611772,2022-12-28,17.0,12717.3,2.195902529438726,20601.65,128.63335238035776,952.0,189.0,4.0,1043.0,Водолазки,Одежда
9611772,2022-12-29,31.0,23153.97,-6.5050843279007715,9647.99,128.63335238035776,952.0,187.0,4.0,1044.0,Водолазки,Одежда
9611772,2022-12-30,25.0,18722.15,-2.2118871220801246,9622.52,127.60080580338162,951.0,189.0,4.0,1045.0,Водолазки,Одежда
9611772,2022-12-31,12.0,8970.95,-6.513928762256198,5116.16,125.78984234498144,949.0,184.0,4.0,1047.0,Водолазки,Одежда
9611772,2023-01-01,0.0,0.0,-5.350130221692906,12424.96,126.12639307618856,949.0,182.0,4.0,1048.0,Водолазки,Одежда
9611772,2023-01-02,10.0,7396.06,-1.392075287125067,11290.02,159.10512985408235,997.0,185.0,4.0,1049.0,Водолазки,Одежда
9611772,2023-01-03,3.0,2191.03,-8.575874097260561,6130.4,158.17243761841422,995.0,187.0,4.0,1049.0,Водолазки,Одежда
9611772,2023-01-04,13.0,9695.96,1.7051287006516773,13027.1,157.88857476408046,995.0,186.0,4.0,1049.0,Водолазки,Одежда
9611772,2023-01-05,12.0,8966.58,8.773187328245552,19928.92,163.22114124192214,1002.0,187.0,4.0,1052.0,Водолазки,Одежда
9611772,2023-01-06,7.0,5367.139999999999,3.3831209634620016,14562.9,159.530924135583,997.0,216.0,4.0,1052.0,Водолазки,Одежда
9611772,2023-01-07,11.0,8212.58,3.539193730754789,13979.56,160.6460996347514,1012.0,234.0,4.0,1053.0,Водолазки,Одежда
9611772,2023-01-08,12.0,9195.26,0.6543692690523599,17916.0,160.44334045308443,998.0,231.0,4.0,1055.0,Водолазки,Одежда
9611772,2023-01-09,4.0,3041.26,-7.155997796898962,8550.04,162.73637157555254,1001.0,228.0,4.0,1055.0,Водолазки,Одежда
9611772,2023-01-10,11.0,8348.1,7.567408808001172,18770.12,160.63220565019216,998.0,228.0,4.0,1057.0,Водолазки,Одежда
9611772,2023-01-11,10.0,7634.059999999999,-3.511034200929366,6971.86,161.44677058756636,1025.0,229.0,4.0,1058.0,Водолазки,Одежда
9611772,2023-01-12,8.0,6170.2,-0.619112879724403,12498.71,163.93119364655766,1003.0,228.0,4.0,1059.0,Водолазки,Одежда
9611772,2023-01-13,11.0,8533.0,-2.6929517488873334,8659.24,163.93119364655766,1003.0,319.0,4.0,1059.0,Водолазки,Одежда
9611772,2023-01-14,9.0,6993.389999999999,-1.155806477297448,7685.77,161.32458584696022,999.0,220.0,4.0,1061.0,Водолазки,Одежда
9611772,2023-01-15,11.0,8529.51,-2.5963406683004866,11813.52,155.3375335572599,992.0,222.0,4.0,1061.0,Водолазки,Одежда
9611772,2023-01-16,19.0,14629.34,6.597230377864202,16511.28,164.0612872846366,1003.0,224.0,4.0,1064.0,Водолазки,Одежда
9611772,2023-01-17,11.0,8487.49,-0.49261047666849933,10289.51,162.0477282624666,1000.0,223.0,4.0,1065.0,Водолазки,Одежда
9611772,2023-01-18,3.0,2266.99,-1.7987494285563717,6245.66,160.3624669069547,998.0,444.0,4.0,1066.0,Водолазки,Одежда
9611772,2023-01-19,11.0,8534.67,-2.0732139557508376,9924.66,153.99349217378645,990.0,440.0,4.0,1068.0,Водолазки,Одежда
9611772,2023-01-20,10.0,7814.5,1.195730530322889,10604.01,176.1864144398779,962.0,459.0,4.0,1070.0,Водолазки,Одежда
9611772,2023-01-21,8.0,6195.75,0.45276479082995635,7901.26,176.1864144398779,928.0,320.0,4.0,1070.0,Водолазки,Одежда
9611772,2023-01-22,8.0,6153.9,2.9309265517956433,15542.69,176.1864144398779,928.0,317.0,4.0,1072.0,Водолазки,Одежда
9611772,2023-01-23,14.0,10780.85,-0.033614303748606744,10930.73,176.1864144398779,949.0,317.0,4.0,1074.0,Водолазки,Одежда
9611772,2023-01-24,15.0,11300.89,-6.243912174690081,5054.91,131.14706272406613,949.0,311.0,4.0,1074.0,Водолазки,Одежда
9611772,2023-01-25,8.0,6220.57,0.6851752052355238,7635.120000000001,130.89254246199508,949.0,309.0,4.0,1074.0,Водолазки,Одежда
9611772,2023-01-26,6.0,4311.780000000001,-0.06486081759137186,9739.44,130.89254246199508,940.0,302.0,4.0,1075.0,Водолазки,Одежда
9611772,2023-01-27,7.0,5223.85,5.462272904338576,11325.74,130.89254246199508,877.0,297.0,4.0,1075.0,Водолазки,Одежда
9611772,2023-01-28,8.0,6060.91,-0.2743499474576474,7800.610000000001,130.89254246199508,859.0,289.0,4.0,1075.0,Водолазки,Одежда
9611772,2023-01-29,11.0,7818.14,-8.184096183719376,9843.43,130.89254246199508,859.0,282.0,4.0,1076.0,Водолазки,Одежда
9611772,2023-01-30,7.0,4988.63,-4.1698462994852346,9915.28,130.89254246199508,859.0,276.0,4.0,1079.0,Водолазки,Одежда
9611772,2023-01-31,6.0,4239.32,3.060866057609207,14887.69,129.72973956746318,859.0,280.0,4.0,1081.0,Водолазки,Одежда
9611772,2023-02-01,8.0,5699.200000000001,-3.1592450360496045,11945.22,112.80846918909845,844.0,326.0,4.0,1083.0,Водолазки,Одежда
9611772,2023-02-02,7.0,5028.92,-2.2201440874753544,16029.5,112.80846918909845,897.0,323.0,4.0,1084.0,Водолазки,Одежда
9611772,2023-02-03,12.0,8456.86,-2.4162309673290387,12218.11,113.06631711867352,915.0,318.0,4.0,1084.0,Водолазки,Одежда
9611772,2023-02-04,13.0,9231.55,-1.9600465333827621,15886.78,112.80846918909845,932.0,305.0,4.0,1086.0,Водолазки,Одежда
9611772,2023-02-05,5.0,3292.61,13.130924299383352,31571.15,112.80846918909845,778.0,573.0,4.0,1090.0,Водолазки,Одежда
9611772,2023-02-06,16.0,10910.76,3.089524676204661,23035.1,113.08276670917164,766.0,573.0,4.0,1092.0,Водолазки,Одежда
9611772,2023-02-07,16.0,10312.33,-0.2480064272493081,22669.49,110.896487620268,766.0,566.0,4.0,1095.0,Водолазки,Одежда
9611772,2023-02-08,14.0,8948.24,4.696080456740717,25030.67,111.5618665459896,766.0,558.0,4.0,1097.0,Водолазки,Одежда
9611772,2023-02-09,24.0,15559.23,2.332050017852623,25107.74,111.5618665459896,766.0,545.0,4.0,1100.0,Водолазки,Одежда
9611772,2023-02-10,19.0,12475.12,-4.421815109210492,12690.42,111.5618665459896,766.0,544.0,4.0,1102.0,Водолазки,Одежда
9611772,2023-02-11,19.0,12635.7,-2.572154530845495,18802.25,111.5618665459896,766.0,540.0,4.0,1106.0,Водолазки,Одежда
9611772,2023-02-12,18.0,11609.45,-4.446552358094728,21793.05,110.896487620268,773.0,527.0,4.0,1110.0,Водолазки,Одежда
9611772,2023-02-13,22.0,14072.02,-0.20882829265856628,20477.03,115.23,937.0,508.0,4.0,1115.0,Водолазки,Одежда
9611772,2023-02-14,14.0,8951.26,-3.9105061817775777,22431.33,115.23,728.0,497.0,4.0,1117.0,Водолазки,Одежда
9611772,2023-02-15,22.0,13727.1,3.2506131774835296,25732.57,115.23,756.0,277.0,4.0,1121.0,Водолазки,Одежда
9611772,2023-02-16,22.0,13607.68,4.213668372725628,27527.07,118.19,756.0,286.0,4.0,1125.0,Водолазки,Одежда
9611772,2023-02-17,26.0,16163.15,-3.7241415994480107,16701.32,118.19,756.0,283.0,4.0,1129.0,Водолазки,Одежда
9611772,2023-02-18,22.0,13672.82,11.353289518501455,32477.12,118.19,756.0,276.0,4.0,1130.0,Водолазки,Одежда
9611772,2023-02-19,23.0,14595.38,-5.870962088404795,25033.57,118.19,756.0,258.0,4.0,1133.0,Водолазки,Одежда
9611772,2023-02-20,27.0,17077.85,-6.267569679849025,24666.85,118.19,756.0,251.0,4.0,1136.0,Водолазки,Одежда
9611772,2023-02-21,17.0,10929.5,9.154002304039032,34650.1,120.7,756.0,238.0,4.0,1138.0,Водолазки,Одежда
9611772,2023-02-22,21.0,13698.71,-6.310312292560155,21446.02,120.3,756.0,221.0,4.0,1139.0,Водолазки,Одежда
9611772,2023-02-23,11.0,6745.21,2.5511043803207727,26072.64,116.23,756.0,215.0,4.0,1141.0,Водолазки,Одежда
9611772,2023-02-24,19.0,12031.53,6.412711886170932,26471.92,120.3,756.0,221.0,4.0,1142.0,Водолазки,Одежда
9611772,2023-02-25,23.0,14809.86,-5.893798919520734,20486.65,120.3,756.0,208.0,4.0,1142.0,Водолазки,Одежда
9611772,2023-02-26,35.0,22324.02,3.5812994379380214,28525.520000000004,120.3,756.0,201.0,4.0,1146.0,Водолазки,Одежда
9611772,2023-02-27,36.0,22949.47,7.946219454161053,30385.88,120.3,756.0,190.0,4.0,1151.0,Водолазки,Одежда
9611772,2023-02-28,33.0,20960.74,-0.7147774816477934,23564.56,124.59,756.0,181.0,4.0,1155.0,Водолазки,Одежда
9611772,2023-03-01,40.0,25282.83,1.911434164569691,22944.43,133.02,891.0,344.0,4.0,1158.0,Водолазки,Одежда
9611772,2023-03-02,29.0,18193.37,-11.385612727948757,11793.0,132.92,987.0,176.0,4.0,1161.0,Водолазки,Одежда
9611772,2023-03-03,37.0,23480.35,-5.969026029513046,18681.35,132.92,971.0,178.0,4.0,1165.0,Водолазки,Одежда
9611772,2023-03-04,17.0,10887.15,-6.696110215140887,17946.2,132.75,971.0,173.0,4.0,1173.0,Водолазки,Одежда
9611772,2023-03-05,21.0,13562.32,9.448555885946718,28224.49,132.75,971.0,168.0,4.0,1179.0,Водолазки,Одежда
9611772,2023-03-06,20.0,13557.33,4.7619760304336936,25565.13,125.92,794.0,161.0,4.0,1181.0,Водолазки,Одежда
9611772,2023-03-07,24.0,15842.33,-5.042707621361039,18818.55,123.49,740.0,148.0,4.0,1182.0,Водолазки,Одежда
9611772,2023-03-08,22.0,14083.63,-4.335953676878933,20639.7,123.49,740.0,140.0,4.0,1186.0,Водолазки,Одежда
9611772,2023-03-09,17.0,10926.69,4.753482584199581,20684.1,123.49,740.0,243.0,4.0,1187.0,Водолазки,Одежда
9611772,2023-03-10,20.0,12688.13,11.442480323848898,25119.75,123.31,740.0,241.0,4.0,1191.0,Водолазки,Одежда
9611772,2023-03-11,20.0,12531.45,11.642352326798779,27021.91,123.49,903.0,227.0,4.0,1195.0,Водолазки,Одежда
9611772,2023-03-12,25.0,15402.04,-7.8730839858958745,14802.7,126.64,959.0,224.0,4.0,1197.0,Водолазки,Одежда
9611772,2023-03-13,24.0,15136.06,-9.385134979556817,14553.93,127.22,960.0,217.0,4.0,1199.0,Водолазки,Одежда
9611772,2023-03-14,25.0,15882.62,-1.3871451099487615,18892.48,126.62,984.0,400.0,4.0,1205.0,Водолазки,Одежда
9611772,2023-03-15,18.0,11683.55,-0.8593004290115793,23603.24,125.79,983.0,218.0,4.0,1206.0,Водолазки,Одежда
9611772,2023-03-16,14.0,9247.06,-2.335155019575094,14805.18,126.01,984.0,220.0,4.0,1207.0,Водолазки,Одежда
9611772,2023-03-17,17.0,11872.57,-0.8550228155646664,13359.89,126.01,984.0,217.0,4.0,1208.0,Водолазки,Одежда
9611772,2023-03-18,16.0,11488.59,-14.187612020261906,11856.37,125.14,983.0,212.0,4.0,1209.0,Водолазки,Одежда
9611772,2023-03-19,16.0,11259.34,-12.642426533114651,14033.32,123.22,983.0,204.0,4.0,1210.0,Водолазки,Одежда
9611772,2023-03-20,13.0,8976.67,5.59487625213027,28102.26,123.21,983.0,198.0,4.0,1212.0,Водолазки,Одежда
9611772,2023-03-21,14.0,10080.36,-0.30349519490074073,29728.12,124.05,950.0,194.0,4.0,1214.0,Водолазки,Одежда
9611772,2023-03-22,12.0,8541.83,8.365961392072741,34425.39,124.05,931.0,190.0,4.0,1215.0,Водолазки,Одежда
9611772,2023-03-23,17.0,11543.81,1.9753190308723845,26295.54,123.03,786.0,177.0,4.0,1218.0,Водолазки,Одежда
9611772,2023-03-24,24.0,15014.49,-4.450133917726852,19037.19,123.03,786.0,171.0,4.0,1219.0,Водолазки,Одежда
9611772,2023-03-25,27.0,15744.47,11.687476023385088,34578.29,123.03,786.0,75.0,4.0,1221.0,Водолазки,Одежда
9611772,2023-03-26,28.0,15969.48,18.335458914613348,38936.25,123.03,786.0,75.0,4.0,1223.0,Водолазки,Одежда
9611772,2023-03-27,29.0,15675.77,-2.8931946776823025,26093.18,126.24,786.0,77.0,4.0,1225.0,Водолазки,Одежда
9611772,2023-03-28,30.0,15459.0,0.8537660173021848,32878.07,125.93,786.0,70.0,4.0,1229.0,Водолазки,Одежда
9611772,2023-03-29,37.0,19580.49,-3.005041466685121,31537.93,121.4,786.0,54.0,4.0,1233.0,Водолазки,Одежда
9611772,2023-03-30,29.0,15293.51,4.418571567462614,27251.04,118.13,786.0,52.0,4.0,1237.0,Водолазки,Одежда
9611772,2023-03-31,28.0,14912.48,-1.6274138978910457,15235.68,118.13,786.0,214.0,4.0,1244.0,Водолазки,Одежда
9611772,2023-04-01,26.0,13428.74,-0.26037591733220466,24906.48,118.22,821.0,255.0,4.0,1246.0,Водолазки,Одежда
9611772,2023-04-02,30.0,15341.63,-12.679179435460192,22773.6,118.17,821.0,152.0,4.0,1249.0,Водолазки,Одежда
9611772,2023-04-03,34.0,18190.84,-11.18340646263583,18670.42,126.52,950.0,144.0,4.0,1251.0,Водолазки,Одежда
9611772,2023-04-04,30.0,16433.88,1.2787408630798538,33261.36,125.38,763.0,136.0,4.0,1255.0,Водолазки,Одежда
9611772,2023-04-05,28.0,14991.54,3.482104439810712,36314.48,125.38,763.0,123.0,4.0,1257.0,Водолазки,Одежда
9611772,2023-04-06,28.0,15013.13,-5.885472162582509,25205.86,119.54,756.0,111.0,4.0,1259.0,Водолазки,Одежда
9611772,2023-04-07,40.0,22027.63,-2.4423948126358113,21159.94,119.54,756.0,101.0,4.0,1263.0,Водолазки,Одежда
9611772,2023-04-08,33.0,18194.47,0.32440005420453133,30363.49,119.54,756.0,97.0,4.0,1267.0,Водолазки,Одежда
9611772,2023-04-09,24.0,13059.93,20.379296388134634,41679.11,119.53,707.0,89.0,4.0,1268.0,Водолазки,Одежда
9611772,2023-04-10,28.0,15144.96,15.005277827598576,40429.3,117.99,707.0,69.0,4.0,1269.0,Водолазки,Одежда
9611772,2023-04-11,39.0,21504.74,-1.01226972408773,37953.66,117.58,707.0,142.0,4.0,1271.0,Водолазки,Одежда
9611772,2023-04-12,48.0,25938.3,-4.564846716756286,31213.180000000004,117.53,707.0,134.0,4.0,1278.0,Водолазки,Одежда
9611772,2023-04-13,34.0,19016.36,4.962678484147737,27450.35,117.53,707.0,34.0,4.0,1281.0,Водолазки,Одежда
9611772,2023-04-14,47.0,24577.08,-1.6318761886574151,17682.5,117.53,707.0,315.0,4.0,1284.0,Водолазки,Одежда
9611772,2023-04-15,33.0,17147.0,-3.554881637755358,19090.0,117.53,707.0,134.0,4.0,1289.0,Водолазки,Одежда
9611772,2023-04-16,28.0,15082.37,-18.725121182957206,10651.94,117.53,707.0,311.0,4.0,1289.0,Водолазки,Одежда
9611772,2023-04-17,46.0,24150.49,0.42176831605483045,24437.16,117.6,707.0,312.0,4.0,1294.0,Водолазки,Одежда
9611772,2023-04-18,27.0,14573.24,0.8450140251081208,31963.8,117.6,778.0,296.0,4.0,1296.0,Водолазки,Одежда
9611772,2023-04-19,15.0,7472.55,3.472190079921745,29268.01,117.6,778.0,275.0,4.0,1299.0,Водолазки,Одежда
9611772,2023-04-20,30.0,16102.1,-2.500218323305063,19208.08,132.4,819.0,149.0,4.0,1302.0,Водолазки,Одежда
9611772,2023-04-21,28.0,14462.66,7.594679531831069,20511.62,117.6,707.0,141.0,4.0,1306.0,Водолазки,Одежда
9611772,2023-04-22,22.0,11244.13,3.6282394889509817,19220.59,132.4,758.0,127.0,4.0,1310.0,Водолазки,Одежда
9611772,2023-04-23,22.0,11559.3,3.520610811622568,19450.54,117.77,707.0,114.0,4.0,1312.0,Водолазки,Одежда
9611772,2023-04-24,23.0,12107.27,-8.870748746832042,17881.23,117.77,739.0,145.0,4.0,1313.0,Водолазки,Одежда
9611772,2023-04-25,21.0,10766.24,12.678883704230437,30478.18,116.91,764.0,119.0,4.0,1314.0,Водолазки,Одежда
9611772,2023-04-26,40.0,21165.26,0.2983240242368126,21245.03,116.91,752.0,111.0,4.0,1316.0,Водолазки,Одежда
9611772,2023-04-27,34.0,17622.73,-3.928406392331471,13755.01,116.91,778.0,109.0,4.0,1317.0,Водолазки,Одежда
9611772,2023-04-28,45.0,23492.03,-7.75274412793215,9273.27,116.91,910.0,106.0,4.0,1320.0,Водолазки,Одежда
9611772,2023-04-29,35.0,18127.24,-6.022942351300696,8568.539999999999,116.91,900.0,212.0,4.0,1321.0,Водолазки,Одежда
9611772,2023-04-30,22.0,11930.81,-3.2143554849283547,11477.1,146.79,873.0,212.0,4.0,1325.0,Водолазки,Одежда
9611772,2023-05-01,17.0,9212.94,9.256494011406147,21781.99,118.59,782.0,212.0,4.0,1327.0,Водолазки,Одежда
9611772,2023-05-02,19.0,10153.12,-7.297761635632412,14594.96,148.59,807.0,211.0,4.0,1328.0,Водолазки,Одежда
9611772,2023-05-03,31.0,17106.88,-0.18184771442880887,18287.88,116.75,778.0,209.0,4.0,1330.0,Водолазки,Одежда
9611772,2023-05-04,21.0,11992.18,4.840572903881945,16863.13,116.75,778.0,157.0,4.0,1330.0,Водолазки,Одежда
9611772,2023-05-05,26.0,14438.85,3.8211403732213114,15765.25,116.75,791.0,154.0,4.0,1326.0,Водолазки,Одежда
9611772,2023-05-06,20.0,10826.54,-3.333508490230514,10381.36,114.48,791.0,297.0,4.0,1328.0,Водолазки,Одежда
9611772,2023-05-07,11.0,6175.68,4.9938007466759124,17654.25,97.6,767.0,296.0,4.0,1331.0,Водолазки,Одежда
9611772,2023-05-08,16.0,8967.36,-3.0338216240920026,13439.83,97.6,764.0,289.0,4.0,1333.0,Водолазки,Одежда
9611772,2023-05-09,17.0,9719.64,-3.952541645096897,12428.13,97.6,764.0,284.0,4.0,1334.0,Водолазки,Одежда
9611772,2023-05-10,23.0,12673.37,-3.4712876475203274,14700.22,94.73,760.0,280.0,4.0,1335.0,Водолазки,Одежда
9611772,2023-05-11,20.0,10818.48,-0.6474168639882087,13461.27,94.73,760.0,270.0,4.0,1335.0,Водолазки,Одежда
9611772,2023-05-12,17.0,9356.93,3.600876983741749,14228.96,94.73,760.0,260.0,4.0,1336.0,Водолазки,Одежда
9611772,2023-05-13,16.0,8495.949999999999,8.111461727547038,17452.690000000002,94.73,760.0,249.0,4.0,1338.0,Водолазки,Одежда
9611772,2023-05-14,12.0,6843.17,-3.2845097097820997,13296.48,86.79,759.0,244.0,4.0,1340.0,Водолазки,Одежда
9611772,2023-05-15,20.0,10712.31,1.7251475754103076,13658.8,86.79,749.0,236.0,4.0,1343.0,Водолазки,Одежда
9611772,2023-05-16,28.0,15163.52,-5.779181218937879,9714.36,86.79,749.0,233.0,4.0,1345.0,Водолазки,Одежда
9611772,2023-05-17,12.0,6797.25,1.344296232823524,16075.688,85.62,748.0,228.0,4.0,1348.0,Водолазки,Одежда
9611772,2023-05-18,14.0,7913.25,-2.182850888692357,12281.965,85.62,712.0,230.0,4.0,1349.0,Водолазки,Одежда
9611772,2023-05-19,28.0,15563.31,-3.7852261629477546,9612.113,85.62,712.0,228.0,4.0,1351.0,Водолазки,Одежда
9611772,2023-05-20,18.0,10030.195,1.056762398116522,12815.528,85.64,712.0,225.0,4.0,1352.0,Водолазки,Одежда
9611772,2023-05-21,13.0,7033.493,7.327245028918469,17622.0,85.91,712.0,224.0,4.0,1353.0,Водолазки,Одежда
9611772,2023-05-22,18.0,9740.28,-5.079087975353499,8010.0,85.91,712.0,223.0,4.0,1353.0,Водолазки,Одежда
9611772,2023-05-23,14.0,7476.255,11.008613388262045,17683.53,91.24,717.0,223.0,4.0,1354.0,Водолазки,Одежда
9611772,2023-05-24,18.0,9644.964,-1.9663478280611457,13989.406,94.03,723.0,221.0,4.0,1356.0,Водолазки,Одежда
9611772,2023-05-25,17.0,9251.648,-1.3683899195094789,12092.468,115.75,751.0,223.0,4.0,1357.0,Водолазки,Одежда
9611772,2023-05-26,24.0,12960.78,-0.9794804313239638,10120.98,133.09,774.0,221.0,4.0,1359.0,Водолазки,Одежда
9611772,2023-05-27,20.0,10831.703,-4.784274985964087,7801.824,109.98,744.0,219.0,4.0,1360.0,Водолазки,Одежда
9611772,2023-05-28,11.0,5954.25,-5.716154308784155,8358.608,109.89,743.0,216.0,4.0,1362.0,Водолазки,Одежда
9611772,2023-05-29,8.0,4382.528,2.247500339056913,9875.048,109.89,746.0,209.0,4.0,1365.0,Водолазки,Одежда
9611772,2023-05-30,12.0,6628.358,-3.5111198816209814,8556.758,109.89,766.0,205.0,4.0,1367.0,Водолазки,Одежда
9611772,2023-05-31,14.0,7650.631,3.8715207791730393,17055.15,109.89,772.0,204.0,4.0,1370.0,Водолазки,Одежда
9611772,2023-06-01,16.0,8931.675,8.862258088381616,17729.672,109.12,772.0,198.0,4.0,1372.0,Водолазки,Одежда
9611772,2023-06-02,13.0,7281.75,-1.0315154068354992,11443.14,109.12,764.0,193.0,4.0,1373.0,Водолазки,Одежда
9611772,2023-06-03,12.0,6765.75,-1.7960611968836737,9741.42,109.12,764.0,191.0,4.0,1374.0,Водолазки,Одежда
9611772,2023-06-04,18.0,10138.5,1.4507308810749961,11427.126,109.12,764.0,188.0,4.0,1376.0,Водолазки,Одежда
9611772,2023-06-05,21.0,11929.163,-2.1860837582944583,8586.675,166.05,840.0,244.0,4.0,1379.0,Водолазки,Одежда
9611772,2023-06-06,18.0,10249.973,-2.5010471870605286,7758.276,138.2,840.0,244.0,4.0,1385.0,Водолазки,Одежда
9611772,2023-06-07,11.0,6321.104,1.9363820079691685,14560.053,164.48,837.0,240.0,4.0,1386.0,Водолазки,Одежда
9611772,2023-06-08,17.0,9959.019,-5.860350338859803,6804.894,109.66,764.0,238.0,4.0,1386.0,Водолазки,Одежда
9611772,2023-06-09,15.0,8797.724,4.951407628381045,13269.914,109.66,764.0,235.0,4.0,1387.0,Водолазки,Одежда
9611772,2023-06-10,8.0,4705.59,7.310780237049471,12393.329,109.66,764.0,231.0,4.0,1387.0,Водолазки,Одежда
9611772,2023-06-11,12.0,6940.904,-0.34911936054843196,7443.27,109.66,764.0,227.0,4.0,1388.0,Водолазки,Одежда
9611772,2023-06-12,15.0,8776.425,0.07788427197129622,6640.5,113.57,769.0,228.0,4.0,1391.0,Водолазки,Одежда
9611772,2023-06-13,13.0,7326.023,-4.811841570827137,3456.75,113.57,769.0,228.0,4.0,1392.0,Водолазки,Одежда
9611772,2023-06-14,17.0,9624.868,-2.614431483652263,6687.0,171.29,846.0,225.0,4.0,1394.0,Водолазки,Одежда
9611772,2023-06-15,10.0,5634.776,1.1684589024802623,6363.54,116.79,846.0,224.0,4.0,1396.0,Водолазки,Одежда
9611772,2023-06-16,7.0,3988.5,-3.392422563373903,7033.881,171.29,846.0,217.0,4.0,1396.0,Водолазки,Одежда
9611772,2023-06-17,5.0,2897.145,-4.453230890660487,4018.828,112.89,768.0,214.0,4.0,1400.0,Водолазки,Одежда
9611772,2023-06-18,2.0,1101.068,-2.9870775350099805,5047.5,112.89,768.0,210.0,4.0,1400.0,Водолазки,Одежда
9611772,2023-06-19,9.0,5346.75,6.3745060316134055,9729.879,112.89,768.0,210.0,4.0,1400.0,Водолазки,Одежда
9611772,2023-06-20,11.0,6394.959,5.984102501887309,12057.897,170.5,844.0,206.0,4.0,1401.0,Водолазки,Одежда
9611772,2023-06-21,10.0,5745.8150000000005,-1.8640159748440066,6788.858,112.37,766.0,201.0,4.0,1402.0,Водолазки,Одежда
9611772,2023-06-22,13.0,7590.467000000001,-3.2548712489310407,5169.638,112.37,766.0,122.0,4.0,1402.0,Водолазки,Одежда
9611772,2023-06-23,10.0,5805.669,3.913559223428459,12063.338,112.37,766.0,118.0,4.0,1402.0,Водолазки,Одежда
9611772,2023-06-24,6.0,3363.196,0.891796289368882,7468.823,112.37,766.0,114.0,4.0,1404.0,Водолазки,Одежда
9611772,2023-06-25,9.0,5223.75,3.1339726544612816,9751.103,112.37,766.0,200.0,4.0,1405.0,Водолазки,Одежда
9611772,2023-06-26,13.0,7431.608,-5.9266233562860196,2298.0,112.37,766.0,200.0,4.0,1407.0,Водолазки,Одежда
9611772,2023-06-27,13.0,7482.537,0.8254910417092027,8547.958,111.88,766.0,148.0,4.0,1408.0,Водолазки,Одежда
9611772,2023-06-28,10.0,5714.38,-0.22688154414779227,6304.933,111.5,765.0,145.0,4.0,1409.0,Водолазки,Одежда
9611772,2023-06-29,8.0,4557.308,2.932749520480902,6869.459,111.5,765.0,156.0,4.0,1413.0,Водолазки,Одежда
9611772,2023-06-30,9.0,5181.662,-0.9129618222531999,6303.059,111.5,765.0,338.0,4.0,1414.0,Водолазки,Одежда
9611772,2023-07-01,7.0,3987.103,1.127077037640488,4637.947,111.5,791.0,155.0,4.0,1414.0,Водолазки,Одежда
9611772,2023-07-02,8.0,4671.0,-2.1909157338115506,5303.023,111.5,791.0,150.0,4.0,1416.0,Водолазки,Одежда
9611772,2023-07-03,8.0,4566.587,-0.1267226060326685,2945.237,111.5,791.0,146.0,4.0,1416.0,Водолазки,Одежда
9611772,2023-07-04,10.0,5724.451,-1.633516825880836,5305.3240000000005,110.9,790.0,319.0,4.0,1416.0,Водолазки,Одежда
9611772,2023-07-05,8.0,4629.75,0.5924993317917338,5310.491,110.9,790.0,304.0,4.0,1418.0,Водолазки,Одежда
9611772,2023-07-06,11.0,6424.463,-1.579596578170892,3512.145,108.65,787.0,301.0,4.0,1418.0,Водолазки,Одежда
9611772,2023-07-07,3.0,1740.75,-3.04082846349187,4105.464,108.65,787.0,299.0,4.0,1418.0,Водолазки,Одежда
9611772,2023-07-08,5.0,2911.289,-0.9235071702786666,2950.298,108.65,787.0,298.0,4.0,1420.0,Водолазки,Одежда
9611772,2023-07-09,4.0,2329.02,4.37686365033395,9254.663,100.19,787.0,298.0,4.0,1421.0,Водолазки,Одежда
9611772,2023-07-10,3.0,1755.0,0.10379776707894806,4625.087,100.19,775.0,295.0,4.0,1424.0,Водолазки,Одежда
9611772,2023-07-11,9.0,5291.337,-2.4842474796969167,6318.725,97.7,771.0,297.0,4.0,1425.0,Водолазки,Одежда
9611772,2023-07-12,6.0,3532.886,3.9689554256921173,8047.161,97.7,771.0,296.0,4.0,1425.0,Водолазки,Одежда
9611772,2023-07-13,4.0,2315.335,0.10705317518537427,6333.148,97.7,771.0,296.0,4.0,1425.0,Водолазки,Одежда
9611772,2023-07-14,13.0,7514.84,1.0899368694387324,7492.18,97.7,771.0,459.0,4.0,1425.0,Водолазки,Одежда
9611772,2023-07-15,7.0,4047.655,-1.3789062274044923,3454.157,97.7,771.0,456.0,4.0,1425.0,Водолазки,Одежда
9611772,2023-07-16,4.0,2298.484,-2.880572880109481,5762.35,96.57,771.0,453.0,4.0,1425.0,Водолазки,Одежда
9611772,2023-07-17,3.0,1731.246,0.265952133222191,6297.004,96.72,770.0,453.0,4.0,1426.0,Водолазки,Одежда
9611772,2023-07-18,5.0,2891.384,3.245144597705547,10092.384,84.06,770.0,451.0,4.0,1427.0,Водолазки,Одежда
9611772,2023-07-19,5.0,2860.001,-3.113353181314455,3475.622,124.54,900.0,269.0,4.0,1427.0,Водолазки,Одежда
9611772,2023-07-20,12.0,6856.902,0.4664007780461734,6894.0380000000005,84.06,766.0,271.0,4.0,1427.0,Водолазки,Одежда
9611772,2023-07-21,7.0,4004.708,3.131754411128343,8495.104,84.06,766.0,269.0,4.0,1427.0,Водолазки,Одежда
9611772,2023-07-22,7.0,3977.785,0.008477819211631044,4557.93,84.06,766.0,304.0,4.0,1428.0,Водолазки,Одежда
9611772,2023-07-23,8.0,4512.256,-1.5531824777481642,6303.285,82.73,766.0,138.0,4.0,1429.0,Водолазки,Одежда
9611772,2023-07-24,9.0,5251.585,0.7677725307081325,6891.465,83.53,766.0,138.0,4.0,1432.0,Водолазки,Одежда
9611772,2023-07-25,7.0,3971.881,1.5498512404228713,9220.815,82.03,778.0,136.0,4.0,1431.0,Водолазки,Одежда
9611772,2023-07-26,9.0,5105.322,-2.606898341127481,2917.5,82.03,778.0,195.0,4.0,1434.0,Водолазки,Одежда
9611772,2023-07-27,16.0,9169.32,1.7412234401309927,7002.0,82.03,778.0,195.0,4.0,1434.0,Водолазки,Одежда
9611772,2023-07-28,7.0,4034.985,-3.7878419436317046,4084.5,82.03,778.0,194.0,4.0,1435.0,Водолазки,Одежда
9611772,2023-07-29,8.0,4623.967,0.9387628697351644,4668.0,82.03,778.0,193.0,4.0,1437.0,Водолазки,Одежда
9611772,2023-07-30,4.0,2293.687,3.797157668754295,8138.085,80.3,778.0,192.0,4.0,1437.0,Водолазки,Одежда
9611772,2023-07-31,8.0,4638.456,2.027210692370149,6282.75,80.3,789.0,191.0,4.0,1438.0,Водолазки,Одежда
9611772,2023-08-01,5.0,2901.555,-3.1115952766540635,4954.568,52.75,734.0,190.0,4.0,1441.0,Водолазки,Одежда
9611772,2023-08-02,13.0,7545.33,1.004149937533187,3853.5,52.74,734.0,157.0,4.0,1441.0,Водолазки,Одежда
9611772,2023-08-03,11.0,6177.513,-1.8071234628774135,3296.07,52.79,734.0,156.0,4.0,1442.0,Водолазки,Одежда
9611772,2023-08-04,14.0,7957.568,-2.00778186099853,3852.788,53.2,734.0,155.0,4.0,1444.0,Водолазки,Одежда
9611772,2023-08-05,5.0,2862.373,-0.2591892821163082,3302.16,53.2,734.0,153.0,4.0,1445.0,Водолазки,Одежда
9611772,2023-08-06,5.0,2809.64,-1.227082162450957,4404.0,53.79,734.0,150.0,4.0,1452.0,Водолазки,Одежда
9611772,2023-08-07,6.0,3391.5,-1.286265826927064,3853.5,56.43,734.0,147.0,4.0,1457.0,Водолазки,Одежда
9611772,2023-08-08,10.0,5580.749,1.9930261846538162,7107.841,56.43,729.0,146.0,4.0,1465.0,Водолазки,Одежда
9611772,2023-08-09,7.0,3908.19,1.7165572877066086,5638.635,81.74,787.0,142.0,4.0,1478.0,Водолазки,Одежда
9611772,2023-08-10,5.0,2748.848,-1.6273967171739976,4720.598,81.8,787.0,139.0,4.0,1489.0,Водолазки,Одежда
9611772,2023-08-11,7.0,3849.75,6.101892311942171,10021.68,81.17,786.0,136.0,4.0,1502.0,Водолазки,Одежда
9611772,2023-08-12,4.0,2265.0,-2.541324915327505,4126.785,81.8,786.0,132.0,4.0,1505.0,Водолазки,Одежда
9611772,2023-08-13,7.0,3928.5,-3.7827378829033744,4716.285,81.66,786.0,131.0,4.0,1511.0,Водолазки,Одежда
9611772,2023-08-14,5.0,2909.43,-4.6643888867316505,4126.2,82.5,786.0,126.0,4.0,1519.0,Водолазки,Одежда
9611772,2023-08-15,7.0,4045.5,2.5578080685523616,8817.99,82.5,786.0,124.0,4.0,1528.0,Водолазки,Одежда
9611772,2023-08-16,9.0,5228.535,-1.5626405838178314,6462.0830000000005,80.96,783.0,122.0,4.0,1546.0,Водолазки,Одежда
9611772,2023-08-17,10.0,5846.655,1.4288324399258112,9404.933,80.32,783.0,117.0,4.0,1560.0,Водолазки,Одежда
9611772,2023-08-18,8.0,4711.5,-1.3988151453179203,8221.575,80.51,783.0,111.0,4.0,1568.0,Водолазки,Одежда
9611772,2023-08-19,5.0,2899.995,4.27896446671431,11744.565,80.86,783.0,106.0,4.0,1579.0,Водолазки,Одежда
9611772,2023-08-20,12.0,7059.848,3.742361625184106,12458.25,84.7,791.0,101.0,4.0,1588.0,Водолазки,Одежда
9611772,2023-08-21,12.0,7052.393,3.4819060852676174,12451.62,84.7,791.0,94.0,4.0,1597.0,Водолазки,Одежда
9611772,2023-08-22,8.0,4711.95,-5.436319095057058,5989.598,94.69,810.0,91.0,4.0,1611.0,Водолазки,Одежда
9611772,2023-08-23,13.0,7679.25,1.7816438872097926,10243.5,94.69,810.0,91.0,4.0,1616.0,Водолазки,Одежда
9611772,2023-08-24,13.0,7696.065,3.6859474147933273,10746.128,94.69,796.0,87.0,4.0,1629.0,Водолазки,Одежда
9611772,2023-08-25,10.0,5912.768,-0.6166085370340522,6567.135,94.69,796.0,83.0,4.0,1640.0,Водолазки,Одежда
9611772,2023-08-26,9.0,5359.5,-3.1290931791243786,5970.0,94.69,796.0,82.0,4.0,1647.0,Водолазки,Одежда
9611772,2023-08-27,10.0,5936.25,-0.32126813922443276,7903.38,105.32,815.0,81.0,4.0,1655.0,Водолазки,Одежда
9611772,2023-08-28,15.0,8918.768,3.4305295015904864,9750.75,105.32,815.0,76.0,4.0,1662.0,Водолазки,Одежда
9611772,2023-08-29,13.0,7792.598,0.41417245246513446,5400.0,98.56,802.0,73.0,4.0,1668.0,Водолазки,Одежда
9611772,2023-08-30,16.0,9613.5,-6.363333471662865,3000.0,97.81,800.0,73.0,4.0,1680.0,Водолазки,Одежда
9611772,2023-08-31,11.0,6603.0,-2.298733186472907,3600.0,97.81,800.0,72.0,4.0,1690.0,Водолазки,Одежда
9611772,2023-09-01,10.0,6011.25,-3.051681622468762,3600.0,97.81,800.0,74.0,4.0,1699.0,Водолазки,Одежда
9611772,2023-09-02,3.0,1797.0,3.378917026059817,9000.083,97.81,800.0,75.0,4.0,1708.0,Водолазки,Одежда
9611772,2023-09-03,8.0,4817.1900000000005,-2.6018249616883153,7198.868,99.72,800.0,72.0,4.0,1721.0,Водолазки,Одежда
9611772,2023-09-04,8.0,4797.0,-2.9545611935784812,6596.3330000000005,99.72,800.0,71.0,4.0,1734.0,Водолазки,Одежда
9611772,2023-09-05,11.0,6590.25,5.766113905329764,10100.956,94.7,795.0,70.0,4.0,1747.0,Водолазки,Одежда
9611772,2023-09-06,14.0,8390.333,9.480392131861592,15026.25,94.44,822.0,67.0,4.0,1929.0,Водолазки,Одежда
9611772,2023-09-07,4.0,2400.0,-2.7014110946398286,5541.75,93.53,821.0,60.0,4.0,1936.0,Водолазки,Одежда
9611772,2023-09-08,14.0,8342.206,-5.868161368813944,6157.418,93.53,821.0,58.0,4.0,1953.0,Водолазки,Одежда
9611772,2023-09-09,8.0,4802.25,-4.368715814498623,7380.0,92.89,820.0,55.0,4.0,1960.0,Водолазки,Одежда
9611772,2023-09-10,11.0,6589.418,2.3789997278616397,12914.791,94.18,820.0,56.0,4.0,1968.0,Водолазки,Одежда
9611772,2023-09-11,6.0,3666.75,-1.7519423415158677,11070.0,94.18,820.0,110.0,4.0,1976.0,Водолазки,Одежда
9611772,2023-09-12,17.0,10373.843,-7.880824435737367,6756.698,92.81,820.0,105.0,4.0,1985.0,Водолазки,Одежда
9611772,2023-09-13,6.0,3663.368,-3.0214178631923687,12896.498,92.69,819.0,105.0,4.0,1999.0,Водолазки,Одежда
9611772,2023-09-14,13.0,7974.0,-0.7907904580770442,13513.5,92.69,819.0,147.0,4.0,2009.0,Водолазки,Одежда
9611772,2023-09-15,13.0,7991.25,16.468236095343755,27067.013,92.69,838.0,140.0,4.0,2020.0,Водолазки,Одежда
9611772,2023-09-16,5.0,3072.75,1.9702544237479422,19483.5,92.69,838.0,135.0,4.0,2034.0,Водолазки,Одежда
9611772,2023-09-17,28.0,17200.748,5.347585949361541,21368.814,95.41,838.0,128.0,4.0,2044.0,Водолазки,Одежда
9611772,2023-09-18,14.0,8685.0,-4.259448863714809,17882.363,98.97,869.0,123.0,4.0,2061.0,Водолазки,Одежда
9611772,2023-09-19,26.0,16119.263,3.604038526562036,18899.063,99.69,884.0,117.0,4.0,2069.0,Водолазки,Одежда
9611772,2023-09-20,14.0,8739.0,0.29218574510381856,16943.28,99.69,869.0,111.0,4.0,2087.0,Водолазки,Одежда
9611772,2023-09-21,20.0,12655.463,1.8336070409576593,18249.0,99.69,869.0,109.0,4.0,2098.0,Водолазки,Одежда
9611772,2023-09-22,23.0,14686.095,-7.67286082865013,11730.495,99.69,869.0,109.0,4.0,2105.0,Водолазки,Одежда
9611772,2023-09-23,20.0,12722.595,2.4611286902759026,17595.855,99.69,869.0,462.0,4.0,2116.0,Водолазки,Одежда
9611772,2023-09-24,13.0,8336.25,-5.548222293715076,9462.615,101.7,910.0,304.0,4.0,2124.0,Водолазки,Одежда
9611772,2023-09-25,18.0,11657.115,13.220394824948539,24570.0,104.48,920.0,302.0,4.0,2143.0,Водолазки,Одежда
9611772,2023-09-26,15.0,9723.938,2.9498782143614655,12626.58,139.07,990.0,264.0,4.0,2154.0,Водолазки,Одежда
9611772,2023-09-27,15.0,9866.813,-1.132113166775568,8837.175,139.07,990.0,98.0,4.0,2163.0,Водолазки,Одежда
9611772,2023-09-28,26.0,17583.0,-4.281149458325755,9670.283,135.1,982.0,195.0,4.0,2174.0,Водолазки,Одежда
9611772,2023-09-29,9.0,6148.41,-6.370302598205481,5155.5,135.1,982.0,197.0,4.0,2186.0,Водолазки,Одежда
9611772,2023-09-30,8.0,5490.0,-2.993749427180264,8101.59,135.1,982.0,520.0,4.0,2195.0,Водолазки,Одежда
9611772,2023-10-01,8.0,5554.5,-4.73328691776581,4419.0,135.1,982.0,203.0,4.0,2210.0,Водолазки,Одежда
9611772,2023-10-02,10.0,6980.34,-3.436889793901262,9570.81,137.99,982.0,203.0,4.0,2227.0,Водолазки,Одежда
9611772,2023-10-03,16.0,11353.148,-6.522851756633745,6646.5,137.99,990.0,448.0,4.0,2239.0,Водолазки,Одежда
9611772,2023-10-04,12.0,8373.06,-0.8827765984029341,10327.5,137.82,990.0,514.0,4.0,2251.0,Водолазки,Одежда
9611772,2023-10-05,9.0,6634.5,10.06031705216295,22396.846,137.82,900.0,508.0,4.0,2259.0,Водолазки,Одежда
9611772,2023-10-06,10.0,7023.78,8.246075749869082,18877.966,137.82,868.0,201.0,4.0,2271.0,Водолазки,Одежда
9611772,2023-10-07,9.0,6018.0,4.702253141352848,16702.05,137.82,870.0,192.0,4.0,2277.0,Водолазки,Одежда
9611772,2023-10-08,10.0,6677.25,5.398691200496515,16672.335,121.6,855.0,192.0,4.0,2293.0,Водолазки,Одежда
9611772,2023-10-09,22.0,14693.37,-6.330308097563339,9236.318,121.6,887.0,189.0,4.0,2305.0,Водолазки,Одежда
9611772,2023-10-10,17.0,10980.75,-0.15743990453775325,14430.294,121.32,980.0,187.0,4.0,2315.0,Водолазки,Одежда
9611772,2023-10-11,15.0,9918.0,-2.816451272165562,10036.358,121.32,980.0,185.0,4.0,2326.0,Водолазки,Одежда
9611772,2023-10-12,19.0,12553.246,-2.0820944270421613,12957.0,121.32,920.0,185.0,4.0,2343.0,Водолазки,Одежда
9611772,2023-10-13,22.0,14842.905,-2.218730858143214,11729.655,121.32,920.0,183.0,4.0,2351.0,Водолазки,Одежда
9611772,2023-10-14,13.0,8903.071,-4.721835033267599,8970.075,121.32,920.0,178.0,4.0,2360.0,Водолазки,Одежда
9611772,2023-10-15,14.0,9522.713,-1.7954871690759084,13108.8,121.32,920.0,176.0,4.0,2372.0,Водолазки,Одежда
9611772,2023-10-16,17.0,11705.31,1.7807376971203652,13608.953,121.85,920.0,172.0,4.0,2379.0,Водолазки,Одежда
9611772,2023-10-17,15.0,10433.625,8.41029834693083,20316.39,122.03,903.0,163.0,4.0,2390.0,Водолазки,Одежда
9611772,2023-10-18,11.0,7512.87,5.395502567823254,17608.5,123.3,903.0,612.0,4.0,2402.0,Водолазки,Одежда
9611772,2023-10-19,14.0,9545.325,-3.981723962256087,11873.25,123.59,943.0,606.0,4.0,2417.0,Водолазки,Одежда
9611772,2023-10-20,16.0,10925.625,0.0409819699916234,14149.786,123.93,943.0,604.0,4.0,2425.0,Водолазки,Одежда
9611772,2023-10-21,15.0,10394.325,0.1970047935094641,12696.18,123.93,943.0,881.0,4.0,2434.0,Водолазки,Одежда
9611772,2023-10-22,13.0,8997.0,1.292710490565991,15060.938,122.03,959.0,878.0,4.0,2439.0,Водолазки,Одежда
9611772,2023-10-23,12.0,8316.668,-0.3047026652340712,12227.288,122.41,959.0,874.0,4.0,2452.0,Водолазки,Одежда
9611772,2023-10-24,17.0,11895.18,-5.404949040120069,9352.815,125.0,959.0,875.0,4.0,2463.0,Водолазки,Одежда
9611772,2023-10-25,20.0,14079.263,-0.8000295373463899,12227.25,125.0,959.0,876.0,4.0,2475.0,Водолазки,Одежда
9611772,2023-10-26,13.0,9193.5,-2.1186290359451636,12227.565,122.98,959.0,875.0,4.0,2482.0,Водолазки,Одежда
9611772,2023-10-27,10.0,7138.5,0.26806989088543176,11506.89,122.98,959.0,875.0,4.0,2493.0,Водолазки,Одежда
9611772,2023-10-28,9.0,6461.25,0.7940916155374005,12227.28,122.98,959.0,873.0,4.0,2502.0,Водолазки,Одежда
9611772,2023-10-29,8.0,5710.995,2.895353613810432,15823.328,122.98,959.0,870.0,4.0,2512.0,Водолазки,Одежда
9611772,2023-10-30,12.0,8601.188,2.925827784691009,15837.03,124.71,965.0,864.0,4.0,2521.0,Водолазки,Одежда
9611772,2023-10-31,11.0,7910.67,2.4948611673057535,15080.25,126.04,981.0,859.0,4.0,2525.0,Водолазки,Одежда
9611772,2023-11-01,16.0,11501.28,-2.9970667223213763,11625.788,126.04,981.0,853.0,4.0,2533.0,Водолазки,Одежда
9611772,2023-11-02,15.0,10773.03,-4.463403245486116,11994.938,126.04,995.0,852.0,4.0,2547.0,Водолазки,Одежда
9611772,2023-11-03,14.0,9878.25,2.5132040270104454,11312.978,126.04,995.0,843.0,4.0,2554.0,Водолазки,Одежда
9611772,2023-11-04,14.0,10084.5,-0.10261059228466962,11155.8,126.04,995.0,793.0,4.0,2565.0,Водолазки,Одежда
9611772,2023-11-05,4.0,2935.688,-2.742978669314006,11551.268,126.04,995.0,792.0,4.0,2569.0,Водолазки,Одежда
9611772,2023-11-06,12.0,8523.0,-2.451032579334722,13079.25,127.02,997.0,794.0,4.0,2580.0,Водолазки,Одежда
9611772,2023-11-07,9.0,6320.228,-1.1537478620549635,12795.075,127.76,999.0,793.0,4.0,2596.0,Водолазки,Одежда
9611772,2023-11-08,10.0,7018.283,1.4683948041164285,15560.528,127.76,999.0,795.0,4.0,2609.0,Водолазки,Одежда
9611772,2023-11-09,9.0,5984.25,4.950147256017559,21867.79,127.76,999.0,795.0,4.0,2621.0,Водолазки,Одежда
9611772,2023-11-10,3.0,2157.0,-2.1372090897883105,8298.869999999999,127.76,999.0,787.0,4.0,2632.0,Водолазки,Одежда
